Epoch,Train_Loss,Val_Loss
0,2.568633794784546,2.795447587966919
20,1.8975671529769897,1.8498612642288208
40,1.0837266445159912,1.0148112773895264
60,0.3550267815589905,0.3682996332645416
80,0.041729316115379333,0.07477553188800812
